id_datacenter;nome_datacenter;operadora;endereco;cep;cidade;estado;mercado;pais;latitude;longitude;descricao;status;stage;tipo_listagem;tipo_capacidade;tags;link_datacenter;mw_construido;mw_referenciado;whitespace_construido_sqm;whitespace_referenciado_sqm;ano_operacional;tipo_construcao;tipo_ocupacao;carga_piso_max_kg_sqm;redundancia_refrigeracao;cctv;controle_acesso_cartao;biometria;tier_projetado;tier_certificado;pci_dss;iso9001;iso14001;iso22301;iso27001;iso45001;iso50001;soc1;soc2;soc3;colo_suites;colo_cages;colo_cabinets;colo_partial_cabinets;colo_shared_rackspace;colo_footprints;colo_remote_hands;colo_build_to_suit;cloud_gpu;cloud_managed;cloud_baremetal;cloud_public_cloud;qtd_ixps;qtd_clouds;qtd_redes_presentes;qtd_provedores_rede;qtd_provedores_servico;codigo_site;peeringdb_id
dc_166467565d;Scala AI City;Scala Data Centers;Rodovia Osvaldo Aranha;92990-000;Eldorado do Sul;;Porto Alegre;Brazil;-30.07425077314578;-51.49400150419427;"Scala AI City, located in Eldorado do Sul, metropolitan region of Porto Alegre, Brazil, is a groundbreaking digital infrastructure project by Scala Data Centers. Representing a significant investment, starting with $500 million in its first phase, this ""data center city"" is poised to become the largest and most innovative in South America.  The site was selected for its resilience to natural disasters, ample energy, and extensive expansion potential.  Scala AI City will integrate with Scala's existing SPOAPA01 data center, benefiting from low-latency connectivity and planned connection to the Malbec submarine cable.  The project emphasizes sustainability, utilizing 100% renewable energy and advanced cooling technologies for high energy efficiency (PUE not exceeding 1.2) and zero water usage for cooling (WUE of zero).  Designed for AI workloads, it will support racks exceeding 150 kW with liquid cooling.  The initial phase will create over 3,000 jobs and foster a broad economic ecosystem.";1;0;Campus;Colocation;;https://www.datacentermap.com/brazil/porto-alegre/scala-ai-city/;;;;;;;;;;;;;;;;;;;;;;;;;;;;;;;;;;;;;0;0;0;0;0;;
dc_1e8c6816f0;Ascenty - Jundiai JDI2;Ascenty Data Centers;Av. Beirute, 863;13212-181;Jundiaí;Jundiaí;Sao Paulo;Brazil;-23.1924667;-46.9729886;Jundiaí 2 Data Center is strategically located next to the Jundiaí 1 site, allowing an expansion of the opportunities for the customers. Located at Jundiaí city, an industrial and logistics center of national importance, both sites are located next to the capital and have excellent energy and connectivity.;1;2;Facility;Colocation;Carrier Neutral;https://www.datacentermap.com/brazil/sao-paulo/ascenty-jundiai2/;13;13;8993;8993;2019;Purpose-built;Sole-tenant;1.526;N+2;1.0;1.0;1.0;3;0;1;1;1;1;1;1;1;2;2;2;1.0;1.0;1.0;1.0;0.0;1.0;1.0;0.0;0.0;0.0;0.0;0.0;0;0;2;0;0;JDI02;7583.0
dc_211c584638;Ascenty - Sumare SUM2;Ascenty Data Centers;Rodovia Anhanguera s/n, Parque das Industrias (Nova Veneza);13177-435;Sumaré;;Campinas;Brazil;-22.8138615;-47.2133634;"Rodovia Anhanguera, s/n, Building #2:

Sumaré 2 Data Center enjoys redundant systems with high efficiency and operating performance. The infrastructure ensures physical and logical security, with 24x7x365 availability. The site has 129,000 square feet of raised floor space and 24 MW of total power capacity, with an owned electrical substation. Besides, this Data Center is also neutral carrier and has direct connection with the main PIX in Brazil.";1;2;Facility;Colocation;Carrier Neutral;https://www.datacentermap.com/brazil/campinas/rodovia-anhanguera-bldg-2/;20;20;;;2019;;;1564;N+1;1.0;1.0;1.0;3;0;1;1;1;1;1;1;1;2;2;2;1.0;1.0;1.0;1.0;0.0;1.0;1.0;0.0;0.0;0.0;0.0;0.0;0;0;1;0;0;SUM02;7585.0
dc_23c0e2a666;Ascenty - Hortolandia HTL2;Ascenty Data Centers;Rua Papa João Paulo II, 4;13185-252;Hortolândia;;Campinas;Brazil;-22.8949687;-47.1794405;Profile text unavailable for this listing.;1;2;Facility;Colocation;Carrier Neutral;https://www.datacentermap.com/brazil/campinas/rua-papa-joao-paulo-ii-4-building-2/;7;7;2991;2991;2019;Retrofitted;;1564;N+1;1.0;1.0;1.0;3;;1;1;1;1;1;1;1;2;2;2;1.0;1.0;1.0;1.0;0.0;1.0;1.0;0.0;0.0;0.0;0.0;0.0;0;0;2;0;0;HTL02;7587.0
dc_2858682b7b;Scala Data Centers SGRUTB01;Scala Data Centers;Av. Ceci 1850;06460;Tamboré;;Tamboré;Brazil;-23.4949636;-46.8111973;"Scala Data Centers offers various solutions through its HyperCore and HyperEdge facilities. They construct energy-efficient data centers on large campuses (HyperCore) or offer prefabricated, rapidly deployable units (MiniPods) at edge locations (HyperEdge). This approach allows clients to enter new markets quickly and scale sustainably over time.

The provider boasts a vast land portfolio exceeding 21 million square feet across 57 strategically located properties in Latin America. These locations offer proximity to major cloud providers and submarine cable landing points, facilitating connections to North America, Asia, Europe, and Africa.

Scala Data Centers currently possesses over 60MW of operational capacity across its Latin American data centers, with an additional 900MW under construction or planned for future development. Notably, the provider maintains the most efficient Power Usage Effectiveness (PUE) in Latin America, achieving a PUE below 1.4. Additionally, they have attained a Water Usage Effectiveness (WUE) of zero by employing air-cooling methods in their newer facilities.";1;2;Facility;Colocation;Hyperscale-Ready;https://www.datacentermap.com/brazil/tambore/scala-sgrutb01/;21;21;;;2000;;Sole-tenant;;;;;;;;1;1;1;;1;1;;;;;0.0;1.0;1.0;0.0;0.0;0.0;1.0;1.0;0.0;0.0;0.0;0.0;0;0;19;0;0;SGRUTB01;5226.0
dc_2b7c5d95d1;Ascenty - Hortolandia HTL4;Ascenty Data Centers;Rua Papa João Paulo II, 4;13185-252;Hortolândia;;Campinas;Brazil;-22.8948579;-47.1789044;Profile text unavailable for this listing.;1;2;Facility;Colocation;Carrier Neutral;https://www.datacentermap.com/brazil/campinas/ascenty-htl04/;3;3;1997;1997;2021;Retrofitted;;2520;N+1;1.0;1.0;1.0;;;1;1;1;1;1;1;1;2;2;2;1.0;1.0;1.0;1.0;0.0;1.0;1.0;0.0;0.0;0.0;0.0;0.0;0;0;1;0;0;HTL04;11686.0
dc_3357273eaa;Ascenty - Hortolandia HTL3;Ascenty Data Centers;Rua Papa João Paulo II, 4;13185-252;Hortolândia;;Campinas;Brazil;-22.8942092;-47.1797024;Profile text unavailable for this listing.;1;2;Facility;Colocation;Carrier Neutral;https://www.datacentermap.com/brazil/campinas/rua-papa-joao-paulo-ii-4-building-3/;3;3;1997;1997;2019;Retrofitted;;1564;N+1;1.0;1.0;1.0;3;;1;1;1;1;1;1;1;2;2;2;1.0;1.0;1.0;1.0;0.0;1.0;1.0;0.0;0.0;0.0;0.0;0.0;0;0;1;0;0;HTL03;7588.0
dc_363da00599;Ascenty - Sao Paulo SP3;Ascenty Data Centers;Avenida Roberto Pinto Sobrinho, 350;06268-120;Osasco;;Sao Paulo;Brazil;-23.491232;-46.7759313;"Avenida Roberto Pinto Sobrinho, 350, Building #3:

São Paulo 3 Data Center is located in São Paulo, the largest financial and corporate center in South America. With 3,000 square meters of building space and 4 MW of total power capacity, this site has an owned electrical substation and direct connection with the main PIX in Brazil.";1;2;Facility;Colocation;Carrier Neutral;https://www.datacentermap.com/brazil/sao-paulo/av-roberto-pinto-sobrinho-350-3/;4;4;3995;3995;2020;Retrofitted;;1526;N+2;1.0;1.0;1.0;3;;1;1;1;1;1;1;1;2;2;2;1.0;1.0;1.0;1.0;0.0;1.0;1.0;0.0;0.0;0.0;0.0;0.0;0;0;93;1;0;SP03;7581.0
dc_541dfaf17f;Ascenty - Paulinia PLN1;Ascenty Data Centers;R. Sebastião Cardoso 350;13140-000;Paulínia;;Campinas;Brazil;-22.7970795;-47.1352301;"Rua Sebastião Cardoso:

Paulínia Data Center has 86,000 square feet of raised floor space and 16 MW of total power capacity, with an owned electrical substation and direct connection with the main PIX in Brazil.

Paulínia has become a strategic city after attracting one of the Latin America's largest petrochemical center. Paulínia Data Center is based in this privileged location. The site is located on the city's main highway, which provides quick access to the state capital and other cities across the region.";1;2;Facility;Colocation;Carrier Neutral;https://www.datacentermap.com/brazil/campinas/r-sebastião-cardoso/;13;13;;;2019;Purpose-built;;1526;N+2;1.0;1.0;1.0;3;;1;1;1;1;1;1;1;2;2;2;1.0;1.0;1.0;1.0;0.0;1.0;1.0;0.0;0.0;0.0;0.0;0.0;0;0;2;0;0;PLN01;7591.0
dc_5ee8bb7ed9;Ascenty - Vinhedo VIN1;Ascenty Data Centers;Av. 2, 50, Quadra G1, Distrito Industrial Benedito Storani;13288-162;Vinhedo;;Campinas;Brazil;-23.0700044;-47.0118244;"Av. 2, 50, Quadra G1, Distrito Industrial Benedito Storani:

Located close to the city of São Paulo, Vinhedo Data Center is ideal for companies that require security, stability and a strategic location to store their data. As the largest Latin America Data Center, this site has 430,500 square feet of raised floor space and 24 MW of total power capacity, with an owned electrical substation. Besides, this Data Center is also neutral carrier and has direct connection with the main PIX in Brazil.";1;2;Facility;Colocation;Carrier Neutral;https://www.datacentermap.com/brazil/campinas/av-2-50-quadra-g1/;27;27;20987;20987;;Purpose-built;;1526;N+2;1.0;1.0;1.0;3;;1;1;1;1;1;1;1;2;2;2;1.0;1.0;1.0;1.0;0.0;1.0;1.0;0.0;0.0;0.0;0.0;0.0;0;0;22;1;1;VIN01;7589.0
dc_6fba998120;Ascenty - Hortolandia HTL5;Ascenty Data Centers;Rua Papa João Paulo II, 4;13185-252;Hortolândia;;Campinas;Brazil;-22.8958925;-47.1801919;Profile text unavailable for this listing.;1;2;Facility;Colocation;Carrier Neutral;https://www.datacentermap.com/brazil/campinas/ascenty-htl05/;30;30;22984;22984;2022;Purpose-built;;2520;N+1;1.0;1.0;1.0;;;2;1;1;1;1;1;1;2;2;2;1.0;1.0;1.0;1.0;0.0;1.0;1.0;0.0;0.0;0.0;0.0;0.0;0;0;1;0;0;HTL05;11687.0
dc_708ead2d07;Scala Data Centers SPOAPA01;Scala Data Centers;Av. Pernambuco 1124 ;90240;Porto Alegre;Rio Grande do Sul (RS);Porto Alegre;Brazil;-30.0028052;-51.1979623;"Scala Data Centers offers various solutions through its HyperCore and HyperEdge facilities. They construct energy-efficient data centers on large campuses (HyperCore) or offer prefabricated, rapidly deployable units (MiniPods) at edge locations (HyperEdge). This approach allows clients to enter new markets quickly and scale sustainably over time.

The provider boasts a vast land portfolio exceeding 21 million square feet across 57 strategically located properties in Latin America. These locations offer proximity to major cloud providers and submarine cable landing points, facilitating connections to North America, Asia, Europe, and Africa.

Scala Data Centers currently possesses over 60MW of operational capacity across its Latin American data centers, with an additional 900MW under construction or planned for future development. Notably, the provider maintains the most efficient Power Usage Effectiveness (PUE) in Latin America, achieving a PUE below 1.4. Additionally, they have attained a Water Usage Effectiveness (WUE) of zero by employing air-cooling methods in their newer facilities.
";1;2;Facility;Colocation;Hyperscale-Ready;https://www.datacentermap.com/brazil/porto-alegre/scala-spoapa01/;8.4;8.4;;;2023;Purpose-built;Sole-tenant;;;;;;;;1;1;1;;1;1;;;;;0.0;1.0;1.0;0.0;0.0;0.0;1.0;1.0;0.0;0.0;0.0;0.0;0;0;8;0;0;SPOAPA01;14336.0
dc_9977316327;Equinix RJ3;Equinix;Rua Maria Soares Sendas, 6-B/2;25575-825;São João de Meriti;;Rio de Janeiro;Brazil;-22.7963142;-43.3485363;Rio de Janeiro RJ3 IBX data centre offers premium colocation facilities and interconnection services. RJ3 provides a wide range of network services.;1;2;Facility;Colocation;Carrier Neutral;https://www.datacentermap.com/brazil/rio-de-janeiro/equinix-rj3/;;;1467;1467;2025;Purpose-built;;;N+2;1.0;1.0;1.0;;;;;;;;;;;;;0.0;1.0;1.0;1.0;1.0;0.0;1.0;0.0;0.0;0.0;0.0;0.0;0;0;6;0;0;RJ3;15048.0
dc_a2fa58a743;Ascenty - Vinhedo VIN2;Ascenty Data Centers;Av. 2, 50, Quadra G1, Distrito Industrial Benedito Storani;13288-162;Vinhedo;;Campinas;Brazil;-23.0703237;-47.0129472;Profile text unavailable for this listing.;1;2;Facility;Colocation;Carrier Neutral;https://www.datacentermap.com/brazil/campinas/ascenty-vin02/;34;34;24991;24991;;Purpose-built;;1526;N+1;1.0;1.0;1.0;3;;1;1;1;1;1;1;1;2;2;2;1.0;1.0;1.0;1.0;0.0;1.0;1.0;0.0;0.0;0.0;0.0;0.0;0;1;34;2;1;VIN02;7590.0
dc_bc34fbde0a;Pecém Data Center;Casa dos Ventos;Complexo Industrial e Portuário do Pecém;62670-000;São Gonçalo do Amarante;;Fortaleza;Brazil;-3.653321;-38.8251428;"Casa dos Ventos is developing a landmark hyperscale data center campus in the Export Processing Zone (ZPE) of the Pecém Industrial and Port Complex (CIPP), located in São Gonçalo do Amarante, in the Metropolitan Region of Fortaleza, Brazil. The project represents a R$50 billion investment and is designed to integrate digital infrastructure with renewable energy, reinforcing Brazil’s role in the global energy transition.

The first phase of the campus will deliver 300MW of IT capacity, with scalability up to 900MW. It will be powered by renewable sources, including a dedicated photovoltaic complex in Pentecoste, approximately 100 km away. The facility will feature closed-loop cooling systems to minimize water consumption—estimated at just 30 cubic meters per day—and will be fully geared toward data export services, thanks to its strategic location near submarine cable landing stations.

The project has received key regulatory approvals, including from the National Electric System Operator (ONS) and the National Council of Export Processing Zones (CZPE), enabling it to operate under Brazil’s Normas Brasileiras de Serviços (NBSs) for international data services. Construction is expected to begin in late 2025, with operations commencing in 2027.";1;1;Facility;Colocation;Hyperscale-Ready;https://www.datacentermap.com/brazil/fortaleza/casa-dos-ventos-data-center/;900;900;;;2027;;;;;;;;;;;;;;;;;;;;0.0;0.0;0.0;0.0;0.0;0.0;0.0;1.0;0.0;0.0;0.0;0.0;0;0;0;0;0;;
dc_c79290add5;RT-One Uberlândia;RT-One;BR-497 highway;38438-899;Uberlândia;;Uberlandia;Brazil;-18.94893942693562;-48.33580789389012;RT-One is constructing the largest Artificial Intelligence Data Center in Latin America in Uberlândia, Brazil. The facility, situated on over 1 million m² along the BR-497 highway, represents an investment exceeding R$ 6 billion. Initially, it will feature a 100 MW capacity, with plans for expansion up to 400 MW. The data center is designed for high-performance processing, sovereign cloud services, cybersecurity, and AI workloads, adhering to international energy efficiency standards and utilizing 100% renewable energy with advanced cooling technologies. Environmental conservation is integrated into the campus design, with a significant portion dedicated to a Permanent Preservation Area. RT-One aims for a Power Usage Effectiveness (PUE) of 1.1-1.2, positioning it among the lowest in the sector. The project is expected to foster local economic development through job creation and talent training in digital transformation.;1;0;Facility;Colocation;;https://www.datacentermap.com/brazil/uberlandia/rt-one-uberlndia/;400;400;;;;;;;;;;;;;;;;;;;;;;;1.0;1.0;1.0;1.0;0.0;0.0;0.0;0.0;1.0;0.0;0.0;0.0;0;0;0;0;0;;
dc_c81b687e80;Scala Data Centers SGIGSM01;Scala Data Centers;Rod. Pres. Dutra 4300;25565;Sao Joao de Meriti;Rio de Janeiro;Rio de Janeiro;Brazil;-22.796438;-43.356317;"Scala Data Centers offers various solutions through its HyperCore and HyperEdge facilities. They construct energy-efficient data centers on large campuses (HyperCore) or offer prefabricated, rapidly deployable units (MiniPods) at edge locations (HyperEdge). This approach allows clients to enter new markets quickly and scale sustainably over time.

The provider boasts a vast land portfolio exceeding 21 million square feet across 57 strategically located properties in Latin America. These locations offer proximity to major cloud providers and submarine cable landing points, facilitating connections to North America, Asia, Europe, and Africa.

Scala Data Centers currently possesses over 60MW of operational capacity across its Latin American data centers, with an additional 900MW under construction or planned for future development. Notably, the provider maintains the most efficient Power Usage Effectiveness (PUE) in Latin America, achieving a PUE below 1.4. Additionally, they have attained a Water Usage Effectiveness (WUE) of zero by employing air-cooling methods in their newer facilities.
";1;2;Facility;Colocation;Hyperscale-Ready;https://www.datacentermap.com/brazil/rio-de-janeiro/scala-sgigsm01/;13.2;13.2;;;2023;Purpose-built;;;;;;;;;1;1;1;;1;1;;;;;0.0;1.0;1.0;0.0;0.0;0.0;1.0;1.0;0.0;0.0;0.0;0.0;0;0;0;0;0;SGIGSM01;13398.0
dc_dced39dd76;Pecém Data Center;Casa dos Ventos;Complexo Industrial e Portuário do Pecém;62670-000;São Gonçalo do Amarante;;Fortaleza;Brazil;-3.653321;-38.8251428;"Casa dos Ventos is developing a landmark hyperscale data center campus in the Export Processing Zone (ZPE) of the Pecém Industrial and Port Complex (CIPP), located in São Gonçalo do Amarante, in the Metropolitan Region of Fortaleza, Brazil. The project represents a R$50 billion investment and is designed to integrate digital infrastructure with renewable energy, reinforcing Brazil’s role in the global energy transition.

The first phase of the campus will deliver 300MW of IT capacity, with scalability up to 900MW. It will be powered by renewable sources, including a dedicated photovoltaic complex in Pentecoste, approximately 100 km away. The facility will feature closed-loop cooling systems to minimize water consumption—estimated at just 30 cubic meters per day—and will be fully geared toward data export services, thanks to its strategic location near submarine cable landing stations.

The project has received key regulatory approvals, including from the National Electric System Operator (ONS) and the National Council of Export Processing Zones (CZPE), enabling it to operate under Brazil’s Normas Brasileiras de Serviços (NBSs) for international data services. Construction is expected to begin in late 2025, with operations commencing in 2027.";1;1;Facility;Colocation;Hyperscale-Ready;https://www.datacentermap.com/brazil/fortaleza/casa-dos-ventos-data-center/;900;900;;;2027;;;;;;;;;;;;;;;;;;;;0.0;0.0;0.0;0.0;0.0;0.0;0.0;1.0;0.0;0.0;0.0;0.0;0;0;0;0;0;;
dc_dd22938cb6;Equinix SP5x;Equinix;Av. Marcos Penteado de Ulhôa Rodrigues, 888;06543-001;Santana de Parnaíba;;Sao Paulo;Brazil;-23.46393786425595;-46.8626817427955;SP5x Sao Paulo xScale data center is dedicated to hyperscale deployments connecting cloud services to our São Paulo environments. Our São Paulo data centers feature a dense concentration of financial services firms, cloud service providers, digital content companies and social media platforms. Customers can also interconnect with companies colocated in Equinix’s Rio de Janeiro facilities.;1;2;Facility;Colocation;;https://www.datacentermap.com/brazil/sao-paulo/equinix-sp5x/;14.4;14.4;5087;5087;2021;;;;N+2;1.0;1.0;1.0;;;2;1;;1;1;;1;2;2;;1.0;1.0;1.0;0.0;0.0;0.0;1.0;0.0;0.0;0.0;0.0;0.0;0;0;1;0;0;SP5x;14845.0
dc_ef06bc479b;Ascenty - Sumare SUM1;Ascenty Data Centers;Rodovia Anhanguera s/n, Parque das Industrias (Nova Veneza);13177-435;Sumaré;;Campinas;Brazil;-22.8132231;-47.2126154;"Rodovia Anhanguera, s/n, Building #1:

Sumaré 1 Data Center enjoys redundant systems with high efficiency and operating performance. The infrastructure ensures physical and logical security, with 24x7x365 availability. The site has 104,500 square feet of raised floor space and 16 MW of total power capacity, with an owned electrical substation. Besides, this Data Center is also neutral carrier and has direct connection with the main PIX in Brazil.";1;2;Facility;Colocation;Carrier Neutral;https://www.datacentermap.com/brazil/campinas/rodovia-anhanguera-bldg-1/;14;14;;;2017;;;1564;N+1;1.0;1.0;1.0;3;;1;1;1;1;1;1;1;2;2;2;1.0;1.0;1.0;1.0;0.0;1.0;1.0;0.0;0.0;0.0;0.0;0.0;0;0;1;0;0;SUM01;7584.0
dc_f7606e1e75;Ascenty - Sao Paulo SP4;Ascenty Data Centers;Avenida Roberto Pinto Sobrinho, 350;06276-016;Osasco;;Sao Paulo;Brazil;-23.4898885;-46.7752556;"The “São Paulo 4” Data Center is located in a complex with three other mega units. All in a privileged location to meet the high demand of the market for this region.

São Paulo 4” has 9.2 MW of energy and more than 7,200 sqm of total area – The same robust and modern infrastructure concept as in all Ascenty Data Centers, with redundancy and scalability across all systems.";1;2;Facility;Colocation;;https://www.datacentermap.com/brazil/sao-paulo/ascenty-sp4/;9;9;7497;7497;2023;Purpose-built;Sole-tenant;1526;N+1;1.0;1.0;1.0;3;;1;;1;;1;;1;2;2;2;1.0;1.0;1.0;1.0;0.0;0.0;1.0;0.0;0.0;0.0;0.0;0.0;0;0;89;1;1;SP04;13720.0
